{"10": {"96": [
  [1.4992, 1.0993, 2.0983, 1.7, 1.2999, 1.901, 0.5004, 2.5025, 0.9, 0.7, 2.3028],
  [1.4981575017218347, 1.1030602461462862, 2.0919706824474815, 1.696389913992789, 1.3013069635344436, 1.8956243995489785, 0.5145413883860961, 2.491867304016793, 0.9069392688103477, 0.7105057247172226, 2.2953543665362304]], "256": [[1.3005, 1.8992, 1.4991, 2.5025, 0.8993, 0.5004, 1.1002, 2.1002, 1.6981, 2.2993, 0.703], [1.3007926946587318, 1.8934028152307292, 1.4976360802889417, 2.4902729989806005, 0.9058034426998347, 0.5143268116652067, 1.1033127314217381, 2.0931544306915324, 1.6944344048092042, 2.2909305098000914, 0.7133731849671676]], "32": [[1.8992, 1.4992, 1.2991, 0.5004, 1.7007, 0.8993, 0.6995, 2.5072, 2.2991, 1.0993, 2.0985], [1.8942003253802469, 1.4985952382330652, 1.3009707933365178, 0.5149290569961522, 1.697738886314255, 0.9067425734828589, 0.7103083141334103, 2.4970343114619027, 2.29210853600307, 1.1038441664345555, 2.0925307276893363]]}, "8": {"96": [[0.9035, 1.1008, 1.6994, 2.5021, 2.3066, 1.9045, 1.499, 2.1051, 1.3006, 0.699, 0.5006], [0.9247999198196339, 1.1191191679553611, 1.7097809319020598, 2.5036818982771365, 2.3130047323575127, 1.9128992561163614, 1.5119912629319323, 2.1125485900046783, 1.3159825807470042, 0.7239575393639939, 0.5292584904327668]], "256": [[0.6998, 0.5003, 1.9031, 1.1011, 1.2991, 1.705, 1.5045, 2.2932, 0.8992, 2.1033, 2.5021], [0.7241735465960915, 0.5286884316098877, 1.911062479379325, 1.1185033327656342, 1.314242363538888, 1.7147970203873637, 1.5171525483297401, 2.298766851658627, 0.9201321608802253, 2.110369921028905, 2.5025875570018172]], "32": [[1.2993, 1.1023, 2.5027, 2.094, 1.9023, 1.7018, 0.5006, 1.5033, 0.8998, 2.3014, 0.7003], [1.3151764875318435, 1.1207778460102418, 2.504672527477396, 2.101794719997997, 1.9111533168578632, 1.712532520723471, 0.5294272907865434, 1.5165932183444966, 0.9214096076266287, 2.308075905077203, 0.7254796035713298]]}, "3": {"96": [[2.4975, 1.3011, 1.4949, 1.9028, 0.6997, 0.5029, 2.1029, 2.3, 1.7035, 0.8991, 1.1], [2.4877238275348645, 1.304180145830287, 1.4955146317734034, 1.898376703627946, 0.7123811252590135, 0.519095421664364, 2.097759247128181, 2.2938766481820494, 1.7013709549464693, 0.9082481868080237, 1.10572600427823]], "32": [[1.7037, 0.7043, 2.3026, 1.5065, 1.0994, 2.1027, 0.9042, 2.4975, 1.3037, 0.5018, 1.8979], [1.701734304861052, 0.7170832164752028, 2.296417236561865, 1.5072877412039816, 1.1053733832013677, 2.0976312163511466, 0.913495302895571, 2.4878017904102308, 1.3070068365013867, 0.5182771691013386, 1.893746137985545]], "256": [[2.0988, 0.7004, 2.302, 1.907, 0.5028, 1.6961, 2.498, 0.9014, 1.1036, 1.5031, 1.2994], [2.093638658827331, 0.7132165439610318, 2.2950367929891655, 1.9021489623877734, 0.5203678616202474, 1.6936326031282078, 2.4868791105091077, 0.9096837050729025, 1.1090025908099648, 1.503500462077504, 1.301937103838526]]}, "4": {"96": [[2.1024, 1.7027, 1.0989, 0.4949, 0.8989, 2.2997, 1.9024, 1.2994, 0.6993, 2.5019, 1.4989], [2.1051342490318348, 1.7078533176900237, 1.1116197115516115, 0.518211365573336, 0.9148178107534477, 2.3014340403024107, 1.9058074954818949, 1.309556007948963, 0.7184271820042376, 2.4999661447291146, 1.506724834939945]], "256": [[1.3005, 2.5064, 1.8982, 0.7023, 1.5041, 0.9014, 2.3041, 1.1001, 1.6983, 2.1039, 0.4949], [1.3105030065445362, 2.502867221994265, 1.9011719230509243, 0.721173048779729, 1.5111901765058064, 0.9172310836108792, 2.3052721025869687, 1.1116626268959031, 1.7028214935814763, 2.1058766844872103, 0.517518998020023]], "32": [[0.905, 2.3019, 2.1021, 0.7006, 1.9025, 1.7035, 2.5018, 1.5041, 0.5007, 1.0998, 1.3033], [0.920981884694811, 2.3039617540762265, 2.1050684455040027, 0.7199327953312604, 1.906366110212053, 1.7090835575581877, 2.5003867151026498, 1.5120899682232647, 0.5236809261950839, 1.1128385073277576, 1.3136429792315774]]}, "9": {"96": [[2.5022, 1.2988, 0.5, 1.9027, 0.7001, 1.4992, 1.0993, 2.3024, 0.8993, 1.7026, 2.0979], [2.4974727632288705, 1.3069639211573048, 0.5213491924914706, 1.9041695598434671, 0.7176589973431096, 1.5047385697580467, 1.1101276880840913, 2.3015198709908873, 0.9131898886958503, 1.7056839470412797, 2.098345041575179]], "32": [[1.6992, 0.5, 2.1025, 0.7008, 1.4992, 1.2993, 0.9003, 2.5068, 2.3025, 1.9013, 1.0991], [1.7026019100685517, 0.5213298805874729, 2.103188753426366, 0.7185466297123639, 1.5051977639413963, 1.307775021163252, 0.9145102507868614, 2.5023379327489437, 2.3020491602364928, 1.9029371742080912, 1.1102757460214505]], "256": [[1.4998, 0.8997, 0.501, 1.3037, 1.0999, 0.7038, 2.299, 2.1022, 1.903, 1.7029, 2.5023], [1.5049560075021873, 0.9125332839290676, 0.5222654350909988, 1.3112182622817272, 1.1104488379100985, 0.7209069736451479, 2.2977969648782164, 2.10268592864486, 1.9036409858561854, 1.7056696419260406, 2.496473550963998]]}, "7": {"96": [[2.5022, 1.5008, 1.0993, 2.0985, 1.8997, 0.9002, 2.3026, 1.2996, 0.7, 0.5007, 1.7011], [2.504112482232813, 1.51325368930884, 1.116670847567649, 2.1058666709068348, 1.908112049466581, 0.9205899245517468, 2.3087153437045345, 1.314409733380586, 0.7238674171408155, 0.5279002197877922, 1.7113959793573486]], "256": [[1.1004, 0.5007, 0.8996, 1.2992, 2.5071, 1.9025, 1.4996, 2.2991, 1.6995, 2.1001, 0.7018], [1.1169633871632545, 0.5289902695310644, 0.9201743609675166, 1.3137631421950573, 2.5079727174470463, 1.910846472150297, 1.5114555363843607, 2.3054201605245908, 1.7099003796101897, 2.107649088204198, 0.7258901603645427]], "32": [[0.8995, 1.2991, 0.7001, 1.1003, 1.4988, 0.5006, 1.9037, 2.3013, 1.6983, 2.5019, 2.1007], [0.9202709204932766, 1.314102888670309, 0.7241449363655192, 1.1179890638914003, 1.5114762787998188, 0.5282700070037905, 1.9123170379461953, 2.3076889517242307, 1.7087373737813323, 2.504157543344263, 2.1080317500232013]]}, "5": {"96": [[2.0981, 0.5002, 1.5004, 0.7005, 2.5021, 1.9018, 1.6985, 2.3032, 1.3, 1.1, 0.902], [2.094626427000705, 0.51777935110829, 1.501982689401956, 0.7146441944112318, 2.493505239654951, 1.8996777538141032, 1.6976852421346003, 2.2983398439828306, 1.3041801458311966, 1.1068303591363726, 0.9121305949489056]], "256": [[2.1023, 1.4998, 0.5003, 1.2992, 1.099, 1.6984, 0.9008, 1.8975, 0.6963, 2.5063, 2.2977], [2.0979809764066815, 1.50082039883182, 0.5179002293278634, 1.3027932649556533, 1.1056466108914336, 1.6967954639967502, 0.9107387072854181, 1.894128799805003, 0.7095901973734726, 2.4963741304163705, 2.29205846809964]], "32": [[0.5003, 2.0978, 1.6982, 2.5021, 1.1076, 2.3026, 0.8993, 1.3004, 1.903, 0.697, 1.4984], [0.5181784638095337, 2.09445333511394, 1.6974678043916356, 2.4940166475073475, 1.114870548877306, 2.2980644705239683, 0.9099419123940606, 1.304979086489766, 1.9005990032037516, 0.7111487396246048, 1.5003669266943689]]}, "1": {"96": [[1.4994, 1.6994, 0.7007, 1.903, 2.5023, 0.5008, 1.3, 1.0999, 2.303, 0.9, 2.1033], [1.5159258847415913, 1.7131776813985198, 0.7299263484892435, 1.914623737691727, 2.507384777230982, 0.5339133747691927, 1.3192155366778024, 1.1220109469001294, 2.3121879103073297, 0.9255073077445282, 2.114052772818752]], "256": [[1.8999, 1.1011, 1.5045, 0.9008, 0.7051, 1.7007, 0.5033, 2.3006, 2.5035, 2.1002, 1.31], [1.9130151275421667, 1.1241352564390432, 1.5210185055893817, 0.9268054969070363, 0.7351799018774479, 1.7150402073381947, 0.5369989880187873, 2.3103890421289464, 2.5080628396699467, 2.111563682853406, 1.3293435579161041]], "32": [[2.2939, 0.9, 0.5014, 1.5012, 2.5057, 1.3037, 1.1007, 2.0994, 0.7033, 1.7, 1.9004], [2.3039245607774284, 0.925457239842217, 0.53397989355279, 1.5178492074185748, 2.5109918119123904, 1.3228755002842263, 1.1228256231847809, 2.1106030943992664, 0.7322280414518829, 1.7140781883717864, 1.9125845435883093]]}, "2": {"96": [[1.7034, 0.7015, 0.901, 2.0984, 0.5001, 1.8991, 1.5032, 1.3, 2.2995, 1.1005, 2.5027], [1.7116942409993499, 0.7242901332815386, 0.9200513369809471, 2.1038453581932117, 0.5264410980839784, 1.9055335525345072, 1.5139639382541645, 1.3132231241134988, 2.303596258394691, 1.116441965732065, 2.5024917127346953]],